{"schemaVersion":"1.0","appDefinitionTemplate":{"id":"/providers/Microsoft.PowerApps/apps/","type":"Microsoft.PowerApps/apps","tags":{"minimumRequiredApiVersion":"2.2.0"},"properties":{"appVersion":"2018-11-14T16:48:56Z","lifeCycleId":"Published","createdByClientVersion":{"major":3,"minor":18105,"build":18,"revision":0,"majorRevision":0,"minorRevision":0},"minClientVersion":{"major":3,"minor":18105,"build":18,"revision":0,"majorRevision":0,"minorRevision":0},"backgroundColor":"rgba(0, 176, 240, 1)","backgroundImageUri":"/7112837735237395040/N397d7524-1674-47ae-8bd7-99a86c179726-logoSmallFile","displayName":"Hand Hygiene Tracking","description":"Hand hygiene tracking tool.","appUris":{"documentUri":{"value":"/7112837735237395040/Na4f2ed9a-9b0b-4985-aaea-97d486590700-document.msapp","readonlyValue":"/7112837735237395040/Na4f2ed9a-9b0b-4985-aaea-97d486590700-document.msapp"},"imageUris":[]},"createdTime":"0001-01-01T00:00:00Z","lastModifiedTime":"0001-01-01T00:00:00Z","sharedGroupsCount":0,"sharedUsersCount":0,"icons":{"smallIconUri":"/7112837735237395040/N922d1628-12cf-4510-b4d2-5a7a9d5eb5e3-small.png","mediumIconUri":"/7112837735237395040/Ndd34f736-5755-4790-be29-9e78b2b9faab-medium.png","largeIconUri":"/7112837735237395040/N2bb0af5c-7443-4d7e-8060-cbce9ea58a70-large.png","wideIconUri":"/7112837735237395040/N5fb277ff-20a9-4904-95a0-e794b86223e0-wide.png"},"connectionReferences":{"20b7280d-9a41-4d8e-993f-ccdc128a5b22":{"id":"44da4e3b-f325-442c-a6d0-2a8fc211be25","displayName":"SQL Server","iconUri":"https://connectoricons-prod.azureedge.net/sql/icon_1.0.1002.1175.png","dataSources":["[dbo].[hand_hygiene_audit]","[dbo].[hospital]","[dbo].[ref_hand_hygiene_activity]","[dbo].[ref_hand_hygiene_location]","[dbo].[ref_hand_hygiene_method]","[dbo].[ref_hand_hygiene_score]","[dbo].[ref_hospital_discipline]","[dbo].[ref_hospital_unit]"],"dependencies":[],"dependents":[],"parameterHints":{},"isOnPremiseConnection":false,"sharedConnectionId":"63f425c2-e94c-4fef-8b76-0c21eb4c6fe5","bypassConsent":false,"dataSets":{"default":{"dataSources":{"[dbo].[hand_hygiene_audit]":{"tableName":"[dbo].[hand_hygiene_audit]"},"[dbo].[hospital]":{"tableName":"[dbo].[hospital]"},"[dbo].[ref_hand_hygiene_activity]":{"tableName":"[dbo].[ref_hand_hygiene_activity]"},"[dbo].[ref_hand_hygiene_location]":{"tableName":"[dbo].[ref_hand_hygiene_location]"},"[dbo].[ref_hand_hygiene_method]":{"tableName":"[dbo].[ref_hand_hygiene_method]"},"[dbo].[ref_hand_hygiene_score]":{"tableName":"[dbo].[ref_hand_hygiene_score]"},"[dbo].[ref_hospital_discipline]":{"tableName":"[dbo].[ref_hospital_discipline]"},"[dbo].[ref_hospital_unit]":{"tableName":"[dbo].[ref_hospital_unit]"}}}},"apiTier":"Standard"}},"almMode":"Environment"}}}