{"schemaVersion":"1.0","appDefinitionTemplate":{"id":"/providers/Microsoft.PowerApps/apps/","type":"Microsoft.PowerApps/apps","tags":{"minimumRequiredApiVersion":"2.2.0"},"properties":{"appVersion":"2018-11-16T18:11:27Z","lifeCycleId":"Published","createdByClientVersion":{"major":3,"minor":18105,"build":18,"revision":0,"majorRevision":0,"minorRevision":0},"minClientVersion":{"major":3,"minor":18105,"build":18,"revision":0,"majorRevision":0,"minorRevision":0},"backgroundColor":"rgba(0, 176, 240, 1)","backgroundImageUri":"/7112837735237395040/N3487bc5e-8fa5-4d7c-896f-b2af64a01d15-logoSmallFile","displayName":"Hand Hygiene Tracking","description":"Hand hygiene tracking tool.","appUris":{"documentUri":{"value":"/7112837735237395040/Na1372225-6c68-413d-84be-45d6343fca0e-document.msapp","readonlyValue":"/7112837735237395040/Na1372225-6c68-413d-84be-45d6343fca0e-document.msapp"},"imageUris":[]},"createdTime":"0001-01-01T00:00:00Z","lastModifiedTime":"0001-01-01T00:00:00Z","sharedGroupsCount":0,"sharedUsersCount":0,"icons":{"smallIconUri":"/7112837735237395040/N004d3800-be41-4615-acab-bcde719b6a99-small.png","mediumIconUri":"/7112837735237395040/N954103ef-9b10-4408-a923-be7b075be1dd-medium.png","largeIconUri":"/7112837735237395040/N9b5ba9d3-faa8-4996-b267-aea2138cdc30-large.png","wideIconUri":"/7112837735237395040/Nfefce7f2-f872-4b46-997b-cacffab6e04c-wide.png"},"connectionReferences":{"20b7280d-9a41-4d8e-993f-ccdc128a5b22":{"id":"44da4e3b-f325-442c-a6d0-2a8fc211be25","displayName":"SQL Server","iconUri":"https://connectoricons-prod.azureedge.net/sql/icon_1.0.1002.1175.png","dataSources":["[dbo].[hospital]","[dbo].[ref_hand_hygiene_activity]","[dbo].[ref_hand_hygiene_location]","[dbo].[ref_hand_hygiene_method]","[dbo].[ref_hand_hygiene_score]","[dbo].[ref_hospital_discipline]","[dbo].[ref_hospital_unit]","[dbo].[hand_hygiene_tracking]"],"dependencies":[],"dependents":[],"parameterHints":{},"isOnPremiseConnection":false,"sharedConnectionId":"63f425c2-e94c-4fef-8b76-0c21eb4c6fe5","bypassConsent":false,"dataSets":{"default":{"dataSources":{"[dbo].[hospital]":{"tableName":"[dbo].[hospital]"},"[dbo].[ref_hand_hygiene_activity]":{"tableName":"[dbo].[ref_hand_hygiene_activity]"},"[dbo].[ref_hand_hygiene_location]":{"tableName":"[dbo].[ref_hand_hygiene_location]"},"[dbo].[ref_hand_hygiene_method]":{"tableName":"[dbo].[ref_hand_hygiene_method]"},"[dbo].[ref_hand_hygiene_score]":{"tableName":"[dbo].[ref_hand_hygiene_score]"},"[dbo].[ref_hospital_discipline]":{"tableName":"[dbo].[ref_hospital_discipline]"},"[dbo].[ref_hospital_unit]":{"tableName":"[dbo].[ref_hospital_unit]"},"[dbo].[hand_hygiene_tracking]":{"tableName":"[dbo].[hand_hygiene_tracking]"}}}},"apiTier":"Standard"}},"almMode":"Environment"}}}