{"schemaVersion":"1.0","appDefinitionTemplate":{"id":"/providers/Microsoft.PowerApps/apps/","type":"Microsoft.PowerApps/apps","tags":{"minimumRequiredApiVersion":"2.2.0"},"properties":{"appVersion":"2018-11-14T17:40:18Z","lifeCycleId":"Published","createdByClientVersion":{"major":3,"minor":18105,"build":18,"revision":0,"majorRevision":0,"minorRevision":0},"minClientVersion":{"major":3,"minor":18105,"build":18,"revision":0,"majorRevision":0,"minorRevision":0},"backgroundColor":"rgba(0, 176, 240, 1)","backgroundImageUri":"/7112837735237395040/N89b83c15-1a4c-437a-b868-bcc5330afdf5-logoSmallFile","displayName":"Hand Hygiene Tracking","description":"Hand hygiene tracking tool.","appUris":{"documentUri":{"value":"/7112837735237395040/N696aade0-4153-47a3-9405-d8caf5a1f2a0-document.msapp","readonlyValue":"/7112837735237395040/N696aade0-4153-47a3-9405-d8caf5a1f2a0-document.msapp"},"imageUris":[]},"createdTime":"0001-01-01T00:00:00Z","lastModifiedTime":"0001-01-01T00:00:00Z","sharedGroupsCount":0,"sharedUsersCount":0,"icons":{"smallIconUri":"/7112837735237395040/N9ad23242-8e54-4083-a373-44248311bc58-small.png","mediumIconUri":"/7112837735237395040/N8f291308-5781-4a8d-b71c-0468c59f0db1-medium.png","largeIconUri":"/7112837735237395040/N2214b805-14e5-405c-a465-1c0cf8f02c1f-large.png","wideIconUri":"/7112837735237395040/Nfc26ff1d-bc02-4191-abdb-8efdc33fe363-wide.png"},"connectionReferences":{"20b7280d-9a41-4d8e-993f-ccdc128a5b22":{"id":"44da4e3b-f325-442c-a6d0-2a8fc211be25","displayName":"SQL Server","iconUri":"https://connectoricons-prod.azureedge.net/sql/icon_1.0.1002.1175.png","dataSources":["[dbo].[hospital]","[dbo].[ref_hand_hygiene_activity]","[dbo].[ref_hand_hygiene_location]","[dbo].[ref_hand_hygiene_method]","[dbo].[ref_hand_hygiene_score]","[dbo].[ref_hospital_discipline]","[dbo].[ref_hospital_unit]","[dbo].[hand_hygiene_tracking]"],"dependencies":[],"dependents":[],"parameterHints":{},"isOnPremiseConnection":false,"sharedConnectionId":"63f425c2-e94c-4fef-8b76-0c21eb4c6fe5","bypassConsent":false,"dataSets":{"default":{"dataSources":{"[dbo].[hospital]":{"tableName":"[dbo].[hospital]"},"[dbo].[ref_hand_hygiene_activity]":{"tableName":"[dbo].[ref_hand_hygiene_activity]"},"[dbo].[ref_hand_hygiene_location]":{"tableName":"[dbo].[ref_hand_hygiene_location]"},"[dbo].[ref_hand_hygiene_method]":{"tableName":"[dbo].[ref_hand_hygiene_method]"},"[dbo].[ref_hand_hygiene_score]":{"tableName":"[dbo].[ref_hand_hygiene_score]"},"[dbo].[ref_hospital_discipline]":{"tableName":"[dbo].[ref_hospital_discipline]"},"[dbo].[ref_hospital_unit]":{"tableName":"[dbo].[ref_hospital_unit]"},"[dbo].[hand_hygiene_tracking]":{"tableName":"[dbo].[hand_hygiene_tracking]"}}}},"apiTier":"Standard"}},"almMode":"Environment"}}}