{"schemaVersion":"1.0","appDefinitionTemplate":{"id":"/providers/Microsoft.PowerApps/apps/","type":"Microsoft.PowerApps/apps","tags":{"minimumRequiredApiVersion":"2.2.0"},"properties":{"appVersion":"2018-11-14T19:42:59Z","lifeCycleId":"Published","createdByClientVersion":{"major":3,"minor":18105,"build":18,"revision":0,"majorRevision":0,"minorRevision":0},"minClientVersion":{"major":3,"minor":18105,"build":18,"revision":0,"majorRevision":0,"minorRevision":0},"backgroundColor":"rgba(0, 176, 240, 1)","backgroundImageUri":"/7112837735237395040/N941d7117-cf8b-44d1-beec-b6e2bc4694a0-logoSmallFile","displayName":"Hand Hygiene Tracking","description":"Hand hygiene tracking tool.","appUris":{"documentUri":{"value":"/7112837735237395040/N042229b1-9ccd-472c-be42-97f5c2537bf6-document.msapp","readonlyValue":"/7112837735237395040/N042229b1-9ccd-472c-be42-97f5c2537bf6-document.msapp"},"imageUris":[]},"createdTime":"0001-01-01T00:00:00Z","lastModifiedTime":"0001-01-01T00:00:00Z","sharedGroupsCount":0,"sharedUsersCount":0,"icons":{"smallIconUri":"/7112837735237395040/N2d5cd263-04c1-48a6-b317-8b47c9fd182e-small.png","mediumIconUri":"/7112837735237395040/Na5d5a896-f8c6-4e70-9d73-a40e75dafcc0-medium.png","largeIconUri":"/7112837735237395040/N8c7336a4-6a91-434c-9251-36cb772ba321-large.png","wideIconUri":"/7112837735237395040/Ne1d31cf5-6fb6-4dbf-bb82-8d81a3be096c-wide.png"},"connectionReferences":{"20b7280d-9a41-4d8e-993f-ccdc128a5b22":{"id":"44da4e3b-f325-442c-a6d0-2a8fc211be25","displayName":"SQL Server","iconUri":"https://connectoricons-prod.azureedge.net/sql/icon_1.0.1002.1175.png","dataSources":["[dbo].[hospital]","[dbo].[ref_hand_hygiene_activity]","[dbo].[ref_hand_hygiene_location]","[dbo].[ref_hand_hygiene_method]","[dbo].[ref_hand_hygiene_score]","[dbo].[ref_hospital_discipline]","[dbo].[ref_hospital_unit]","[dbo].[hand_hygiene_tracking]"],"dependencies":[],"dependents":[],"parameterHints":{},"isOnPremiseConnection":false,"sharedConnectionId":"63f425c2-e94c-4fef-8b76-0c21eb4c6fe5","bypassConsent":false,"dataSets":{"default":{"dataSources":{"[dbo].[hospital]":{"tableName":"[dbo].[hospital]"},"[dbo].[ref_hand_hygiene_activity]":{"tableName":"[dbo].[ref_hand_hygiene_activity]"},"[dbo].[ref_hand_hygiene_location]":{"tableName":"[dbo].[ref_hand_hygiene_location]"},"[dbo].[ref_hand_hygiene_method]":{"tableName":"[dbo].[ref_hand_hygiene_method]"},"[dbo].[ref_hand_hygiene_score]":{"tableName":"[dbo].[ref_hand_hygiene_score]"},"[dbo].[ref_hospital_discipline]":{"tableName":"[dbo].[ref_hospital_discipline]"},"[dbo].[ref_hospital_unit]":{"tableName":"[dbo].[ref_hospital_unit]"},"[dbo].[hand_hygiene_tracking]":{"tableName":"[dbo].[hand_hygiene_tracking]"}}}},"apiTier":"Standard"}},"almMode":"Environment"}}}