{"schemaVersion":"1.0","appDefinitionTemplate":{"id":"/providers/Microsoft.PowerApps/apps/","type":"Microsoft.PowerApps/apps","tags":{"minimumRequiredApiVersion":"2.2.0"},"properties":{"appVersion":"2018-11-13T19:11:09Z","lifeCycleId":"Published","createdByClientVersion":{"major":3,"minor":18105,"build":16,"revision":0,"majorRevision":0,"minorRevision":0},"minClientVersion":{"major":3,"minor":18105,"build":16,"revision":0,"majorRevision":0,"minorRevision":0},"backgroundColor":"rgba(0, 176, 240, 1)","backgroundImageUri":"/7112837735237395040/N4d798a0c-242e-4d8c-ae42-76fc4652a942-logoSmallFile","displayName":"Hand Hygiene Tracking","description":"Hand hygiene tracking tool.","appUris":{"documentUri":{"value":"/7112837735237395040/Na6f952c2-228c-4277-81ca-31f049f34ced-document.msapp","readonlyValue":"/7112837735237395040/Na6f952c2-228c-4277-81ca-31f049f34ced-document.msapp"},"imageUris":[]},"createdTime":"0001-01-01T00:00:00Z","lastModifiedTime":"0001-01-01T00:00:00Z","sharedGroupsCount":0,"sharedUsersCount":0,"icons":{"smallIconUri":"/7112837735237395040/N79dc6a44-4ec6-4c48-a882-cbcc748620de-small.png","mediumIconUri":"/7112837735237395040/Nfeaa33b1-5682-4618-a3f5-a0530792a862-medium.png","largeIconUri":"/7112837735237395040/Nc2af907d-91d7-4966-8e29-7b24184211f1-large.png","wideIconUri":"/7112837735237395040/Nddeda22c-482d-448a-8b7d-63559461234e-wide.png"},"connectionReferences":{"20b7280d-9a41-4d8e-993f-ccdc128a5b22":{"id":"44da4e3b-f325-442c-a6d0-2a8fc211be25","displayName":"SQL Server","iconUri":"https://connectoricons-prod.azureedge.net/sql/icon_1.0.1002.1175.png","dataSources":["[dbo].[hand_hygiene_audit]","[dbo].[hospital]","[dbo].[ref_hand_hygiene_activity]","[dbo].[ref_hand_hygiene_location]","[dbo].[ref_hospital_unit]","[dbo].[ref_hand_hygiene_method]","[dbo].[ref_hand_hygiene_score]"],"dependencies":[],"dependents":[],"parameterHints":{},"isOnPremiseConnection":false,"sharedConnectionId":"63f425c2-e94c-4fef-8b76-0c21eb4c6fe5","bypassConsent":false,"dataSets":{"default":{"dataSources":{"[dbo].[hand_hygiene_audit]":{"tableName":"[dbo].[hand_hygiene_audit]"},"[dbo].[hospital]":{"tableName":"[dbo].[hospital]"},"[dbo].[ref_hand_hygiene_activity]":{"tableName":"[dbo].[ref_hand_hygiene_activity]"},"[dbo].[ref_hand_hygiene_location]":{"tableName":"[dbo].[ref_hand_hygiene_location]"},"[dbo].[ref_hospital_unit]":{"tableName":"[dbo].[ref_hospital_unit]"},"[dbo].[ref_hand_hygiene_method]":{"tableName":"[dbo].[ref_hand_hygiene_method]"},"[dbo].[ref_hand_hygiene_score]":{"tableName":"[dbo].[ref_hand_hygiene_score]"}}}},"apiTier":"Standard"}},"appCategories":[],"almMode":"Environment"}}}